index,Long,Lat,UTM_X,UTM_Y,status
0,127.07544569999999,37.5431739,329978.185430368,4156871.5832974752,2
1,127.07544569999999,37.5431739,329978.185430368,4156871.5832974752,2
2,127.07544569999999,37.5431739,329978.185430368,4156871.5832974752,2
3,127.07544569999999,37.5431739,329978.185430368,4156871.5832974752,2
4,127.07544569999999,37.5431739,329978.185430368,4156871.5832974752,2
5,127.07544569999999,37.5431739,329978.185430368,4156871.5832974752,2
6,127.07544569999999,37.5431739,329978.185430368,4156871.5832974752,2
7,127.07544569999999,37.5431739,329978.185430368,4156871.5832974752,2
8,127.07544569999999,37.5431739,329978.185430368,4156871.5832974752,2
9,127.07544569999999,37.5431739,329978.185430368,4156871.5832974752,2
10,127.07544569999999,37.5431739,329978.185430368,4156871.5832974752,2
11,127.07544569999999,37.5431739,329978.185430368,4156871.5832974752,2
12,127.07544569999999,37.5431739,329978.185430368,4156871.5832974752,2
13,127.07544569999999,37.5431739,329978.185430368,4156871.5832974752,2
14,127.07544569999999,37.5431739,329978.185430368,4156871.5832974752,2
15,127.07544569999999,37.5431739,329978.185430368,4156871.5832974752,2
16,127.07544569999999,37.5431739,329978.185430368,4156871.5832974752,2
17,127.07544569999999,37.5431739,329978.185430368,4156871.5832974752,2
18,127.07544569999999,37.5431739,329978.185430368,4156871.5832974752,2
19,127.07544569999999,37.5431739,329978.185430368,4156871.5832974752,2
20,127.07544569999999,37.5431739,329978.185430368,4156871.5832974752,2
21,127.07544569999999,37.5431739,329978.185430368,4156871.5832974752,2
22,127.07544569999999,37.5431739,329978.185430368,4156871.5832974752,2
23,127.07544569999999,37.5431739,329978.185430368,4156871.5832974752,2
24,127.07544569999999,37.5431739,329978.185430368,4156871.5832974752,2
25,127.07544569999999,37.5431739,329978.185430368,4156871.5832974752,2
26,127.07544569999999,37.5431739,329978.185430368,4156871.5832974752,2
27,127.07544569999999,37.5431739,329978.185430368,4156871.5832974752,2
28,127.07544569999999,37.5431739,329978.185430368,4156871.5832974752,2
29,127.07544569999999,37.5431739,329978.185430368,4156871.5832974752,2
30,127.07544569999999,37.5431739,329978.185430368,4156871.5832974752,2
31,127.07544569999999,37.5431739,329978.185430368,4156871.5832974752,2
32,127.07544569999999,37.5431739,329978.185430368,4156871.5832974752,2
33,127.07544569999999,37.5431739,329978.185430368,4156871.5832974752,2
34,127.07544569999999,37.5431739,329978.185430368,4156871.5832974752,2
35,127.07544569999999,37.5431739,329978.185430368,4156871.5832974752,2
36,127.07544569999999,37.5431739,329978.185430368,4156871.5832974752,2
37,127.0754456,37.5431739,329978.1765951576,4156871.5834783847,2
38,127.07544569999999,37.5431739,329978.185430368,4156871.5832974752,2
39,127.07544569999999,37.5431739,329978.185430368,4156871.5832974752,2
40,127.07544569999999,37.5431739,329978.185430368,4156871.5832974752,2
41,127.07544569999999,37.5431739,329978.185430368,4156871.5832974752,2
42,127.0754456,37.5431739,329978.1765951576,4156871.5834783847,2
43,127.07544569999999,37.543174,329978.1856575693,4156871.594393445,2
44,127.07544569999999,37.5431739,329978.185430368,4156871.5832974752,2
45,127.07544569999999,37.5431739,329978.185430368,4156871.5832974752,2
46,127.07544569999999,37.5431739,329978.185430368,4156871.5832974752,2
47,127.07544569999999,37.5431739,329978.185430368,4156871.5832974752,2
48,127.07544569999999,37.5431739,329978.185430368,4156871.5832974752,2
49,127.07544569999999,37.5431739,329978.185430368,4156871.5832974752,2
50,127.07544569999999,37.5431739,329978.185430368,4156871.5832974752,2
51,127.07544569999999,37.5431739,329978.185430368,4156871.5832974752,2
52,127.07544569999999,37.5431739,329978.185430368,4156871.5832974752,2
53,127.07544569999999,37.5431739,329978.185430368,4156871.5832974752,2
54,127.07544569999999,37.5431739,329978.185430368,4156871.5832974752,2
55,127.07544569999999,37.5431739,329978.185430368,4156871.5832974752,2
56,127.07544569999999,37.5431739,329978.185430368,4156871.5832974752,2
57,127.07544569999999,37.5431739,329978.185430368,4156871.5832974752,2
58,127.07544569999999,37.5431739,329978.185430368,4156871.5832974752,2
59,127.07544569999999,37.5431739,329978.185430368,4156871.5832974752,2
60,127.07544569999999,37.5431739,329978.185430368,4156871.5832974752,2
61,127.07544569999999,37.5431739,329978.185430368,4156871.5832974752,2
62,127.07544569999999,37.5431739,329978.185430368,4156871.5832974752,2
63,127.07544569999999,37.5431739,329978.185430368,4156871.5832974752,2
64,127.07544569999999,37.5431739,329978.185430368,4156871.5832974752,2
65,127.0754458,37.5431739,329978.1942655784,4156871.583116565,2
66,127.0754458,37.5431739,329978.1942655784,4156871.583116565,2
67,127.0754458,37.5431739,329978.1942655784,4156871.583116565,2
68,127.0754458,37.5431739,329978.1942655784,4156871.583116565,2
69,127.07544569999999,37.5431739,329978.185430368,4156871.5832974752,2
70,127.0754458,37.5431739,329978.1942655784,4156871.583116565,2
71,127.07544569999999,37.5431739,329978.185430368,4156871.5832974752,2
72,127.0754458,37.5431739,329978.1942655784,4156871.583116565,2
73,127.0754458,37.5431739,329978.1942655784,4156871.583116565,2
74,127.0754458,37.5431739,329978.1942655784,4156871.583116565,2
75,127.0754458,37.5431739,329978.1942655784,4156871.583116565,2
76,127.0754458,37.5431739,329978.1942655784,4156871.583116565,2
77,127.0754458,37.5431739,329978.1942655784,4156871.583116565,2
78,127.0754458,37.5431739,329978.1942655784,4156871.583116565,2
79,127.0754458,37.5431739,329978.1942655784,4156871.583116565,2
80,127.0754458,37.5431739,329978.1942655784,4156871.583116565,2
81,127.0754458,37.5431739,329978.1942655784,4156871.583116565,2
82,127.07544569999999,37.5431739,329978.185430368,4156871.5832974752,2
83,127.07544569999999,37.5431739,329978.185430368,4156871.5832974752,2
84,127.07544569999999,37.5431739,329978.185430368,4156871.5832974752,2
85,127.07544569999999,37.5431739,329978.185430368,4156871.5832974752,2
86,127.07544569999999,37.5431739,329978.185430368,4156871.5832974752,2
87,127.07544569999999,37.5431739,329978.185430368,4156871.5832974752,2
88,127.07544569999999,37.5431739,329978.185430368,4156871.5832974752,2
89,127.07544569999999,37.5431739,329978.185430368,4156871.5832974752,2
90,127.07544569999999,37.5431739,329978.185430368,4156871.5832974752,2
91,127.07544569999999,37.5431739,329978.185430368,4156871.5832974752,2
92,127.07544569999999,37.5431739,329978.185430368,4156871.5832974752,2
93,127.07544569999999,37.5431739,329978.185430368,4156871.5832974752,2
94,127.07544569999999,37.5431739,329978.185430368,4156871.5832974752,2
95,127.07544569999999,37.5431739,329978.185430368,4156871.5832974752,2
96,127.0754456,37.5431739,329978.1765951576,4156871.5834783847,2
97,127.07544569999999,37.5431739,329978.185430368,4156871.5832974752,2
98,127.07544569999999,37.5431739,329978.185430368,4156871.5832974752,2
99,127.07544569999999,37.5431739,329978.185430368,4156871.5832974752,2
100,127.07544569999999,37.543174,329978.1856575693,4156871.594393445,2
101,127.07544569999999,37.543174,329978.1856575693,4156871.594393445,2
102,127.07544569999999,37.543174,329978.1856575693,4156871.594393445,2
103,127.07544569999999,37.543174,329978.1856575693,4156871.594393445,2
104,127.07544569999999,37.5431739,329978.185430368,4156871.5832974752,2
105,127.07544569999999,37.5431739,329978.185430368,4156871.5832974752,2
106,127.07544569999999,37.5431739,329978.185430368,4156871.5832974752,2
107,127.07544569999999,37.5431739,329978.185430368,4156871.5832974752,2
108,127.07544569999999,37.5431739,329978.185430368,4156871.5832974752,2
109,127.07544569999999,37.5431739,329978.185430368,4156871.5832974752,2
110,127.07544569999999,37.5431739,329978.185430368,4156871.5832974752,2
111,127.07544569999999,37.5431739,329978.185430368,4156871.5832974752,2
112,127.07544569999999,37.5431739,329978.185430368,4156871.5832974752,2
113,127.07544569999999,37.5431739,329978.185430368,4156871.5832974752,2
114,127.07544569999999,37.5431739,329978.185430368,4156871.5832974752,2
115,127.07544569999999,37.5431739,329978.185430368,4156871.5832974752,2
116,127.07544569999999,37.5431739,329978.185430368,4156871.5832974752,2
117,127.07544569999999,37.5431739,329978.185430368,4156871.5832974752,2
118,127.07544569999999,37.5431739,329978.185430368,4156871.5832974752,2
119,127.07544569999999,37.5431739,329978.185430368,4156871.5832974752,2
120,127.07544569999999,37.5431739,329978.185430368,4156871.5832974752,2
121,127.07544569999999,37.5431739,329978.185430368,4156871.5832974752,2
122,127.07544569999999,37.5431739,329978.185430368,4156871.5832974752,2
123,127.07544569999999,37.5431739,329978.185430368,4156871.5832974752,2
124,127.07544569999999,37.5431739,329978.185430368,4156871.5832974752,2
125,127.07544569999999,37.5431739,329978.185430368,4156871.5832974752,2
126,127.07544569999999,37.5431739,329978.185430368,4156871.5832974752,2
127,127.07544569999999,37.5431739,329978.185430368,4156871.5832974752,2
128,127.07544569999999,37.5431738,329978.1852031667,4156871.5722015025,2
129,127.07544569999999,37.5431739,329978.185430368,4156871.5832974752,2
130,127.07544569999999,37.5431739,329978.185430368,4156871.5832974752,2
131,127.07544569999999,37.5431739,329978.185430368,4156871.5832974752,2
132,127.07544569999999,37.5431739,329978.185430368,4156871.5832974752,2
133,127.07544569999999,37.5431739,329978.185430368,4156871.5832974752,2
134,127.07544569999999,37.5431739,329978.185430368,4156871.5832974752,2
135,127.07544569999999,37.5431739,329978.185430368,4156871.5832974752,2
136,127.0754458,37.5431739,329978.1942655784,4156871.583116565,2
137,127.0754458,37.5431739,329978.1942655784,4156871.583116565,2
138,127.0754458,37.5431739,329978.1942655784,4156871.583116565,2
139,127.0754458,37.5431739,329978.1942655784,4156871.583116565,2
140,127.0754458,37.5431739,329978.1942655784,4156871.583116565,2
141,127.0754458,37.5431739,329978.1942655784,4156871.583116565,2
142,127.0754458,37.5431739,329978.1942655784,4156871.583116565,2
143,127.07544569999999,37.5431739,329978.185430368,4156871.5832974752,2
144,127.07544569999999,37.5431739,329978.185430368,4156871.5832974752,2
145,127.07544569999999,37.5431739,329978.185430368,4156871.5832974752,2
146,127.07544569999999,37.5431739,329978.185430368,4156871.5832974752,2
147,127.07544569999999,37.5431739,329978.185430368,4156871.5832974752,2
148,127.07544569999999,37.5431739,329978.185430368,4156871.5832974752,2
149,127.07544569999999,37.5431739,329978.185430368,4156871.5832974752,2
150,127.07544569999999,37.5431739,329978.185430368,4156871.5832974752,2
151,127.07544569999999,37.5431739,329978.185430368,4156871.5832974752,2
152,127.07544569999999,37.5431739,329978.185430368,4156871.5832974752,2
153,127.07544569999999,37.5431739,329978.185430368,4156871.5832974752,2
154,127.07544569999999,37.5431739,329978.185430368,4156871.5832974752,2
155,127.07544569999999,37.5431739,329978.185430368,4156871.5832974752,2
156,127.07544569999999,37.5431739,329978.185430368,4156871.5832974752,2
157,127.0754456,37.5431739,329978.1765951576,4156871.5834783847,2
158,127.07544569999999,37.5431739,329978.185430368,4156871.5832974752,2
159,127.0754456,37.5431739,329978.1765951576,4156871.5834783847,2
160,127.07544569999999,37.5431739,329978.185430368,4156871.5832974752,2
161,127.0754456,37.543174,329978.176822359,4156871.5945743555,2
162,127.07544569999999,37.5431739,329978.185430368,4156871.5832974752,2
163,127.07544569999999,37.5431739,329978.185430368,4156871.5832974752,2
164,127.07544569999999,37.5431739,329978.185430368,4156871.5832974752,2
165,127.07544569999999,37.5431739,329978.185430368,4156871.5832974752,2
166,127.07544569999999,37.5431739,329978.185430368,4156871.5832974752,2
167,127.07544569999999,37.543174,329978.1856575693,4156871.594393445,2
168,127.07544569999999,37.5431739,329978.185430368,4156871.5832974752,2
169,127.07544569999999,37.5431739,329978.185430368,4156871.5832974752,2
170,127.07544569999999,37.5431739,329978.185430368,4156871.5832974752,2
171,127.07544569999999,37.5431739,329978.185430368,4156871.5832974752,2
172,127.07544569999999,37.5431739,329978.185430368,4156871.5832974752,2
173,127.07544569999999,37.5431739,329978.185430368,4156871.5832974752,2
174,127.07544569999999,37.5431739,329978.185430368,4156871.5832974752,2
175,127.07544569999999,37.5431739,329978.185430368,4156871.5832974752,2
176,127.07544569999999,37.5431739,329978.185430368,4156871.5832974752,2
177,127.07544569999999,37.5431739,329978.185430368,4156871.5832974752,2
178,127.07544569999999,37.5431739,329978.185430368,4156871.5832974752,2
179,127.07544569999999,37.5431739,329978.185430368,4156871.5832974752,2
180,127.07544569999999,37.5431739,329978.185430368,4156871.5832974752,2
181,127.07544569999999,37.5431739,329978.185430368,4156871.5832974752,2
182,127.07544569999999,37.5431739,329978.185430368,4156871.5832974752,2
183,127.07544569999999,37.5431739,329978.185430368,4156871.5832974752,2
184,127.07544569999999,37.5431739,329978.185430368,4156871.5832974752,2
185,127.07544569999999,37.5431739,329978.185430368,4156871.5832974752,2
186,127.07544569999999,37.5431739,329978.185430368,4156871.5832974752,2
187,127.07544569999999,37.5431739,329978.185430368,4156871.5832974752,2
188,127.07544569999999,37.5431739,329978.185430368,4156871.5832974752,2
189,127.07544569999999,37.5431739,329978.185430368,4156871.5832974752,2
190,127.07544569999999,37.5431739,329978.185430368,4156871.5832974752,2
191,127.07544569999999,37.5431739,329978.185430368,4156871.5832974752,2
192,127.07544569999999,37.5431739,329978.185430368,4156871.5832974752,2
193,127.07544569999999,37.5431739,329978.185430368,4156871.5832974752,2
194,127.07544569999999,37.5431739,329978.185430368,4156871.5832974752,2
195,127.07544569999999,37.5431739,329978.185430368,4156871.5832974752,2
196,127.07544569999999,37.5431739,329978.185430368,4156871.5832974752,2
197,127.07544569999999,37.5431739,329978.185430368,4156871.5832974752,2
198,127.07544569999999,37.5431739,329978.185430368,4156871.5832974752,2
199,127.07544569999999,37.5431739,329978.185430368,4156871.5832974752,2
200,127.07544569999999,37.5431739,329978.185430368,4156871.5832974752,2
201,127.07544569999999,37.5431739,329978.185430368,4156871.5832974752,2
202,127.07544569999999,37.5431739,329978.185430368,4156871.5832974752,2
203,127.0754456,37.543174,329978.176822359,4156871.5945743555,2
204,127.0754456,37.543174,329978.176822359,4156871.5945743555,2
205,127.0754456,37.543174,329978.176822359,4156871.5945743555,2
206,127.0754456,37.543174,329978.176822359,4156871.5945743555,2
207,127.0754456,37.543174,329978.176822359,4156871.5945743555,2
208,127.0754456,37.543174,329978.176822359,4156871.5945743555,2
209,127.0754456,37.5431739,329978.1765951576,4156871.5834783847,2
210,127.0754456,37.5431739,329978.1765951576,4156871.5834783847,2
211,127.0754456,37.5431739,329978.1765951576,4156871.5834783847,2
212,127.0754456,37.543174,329978.176822359,4156871.5945743555,2
213,127.0754456,37.5431739,329978.1765951576,4156871.5834783847,2
214,127.0754456,37.543174,329978.176822359,4156871.5945743555,2
215,127.0754456,37.543174,329978.176822359,4156871.5945743555,2
216,127.0754456,37.5431739,329978.1765951576,4156871.5834783847,2
217,127.0754456,37.5431739,329978.1765951576,4156871.5834783847,2
218,127.0754456,37.5431739,329978.1765951576,4156871.5834783847,2
219,127.0754456,37.5431739,329978.1765951576,4156871.5834783847,2
220,127.0754456,37.5431739,329978.1765951576,4156871.5834783847,2
221,127.0754456,37.5431739,329978.1765951576,4156871.5834783847,2
222,127.0754456,37.5431739,329978.1765951576,4156871.5834783847,2
223,127.0754456,37.5431739,329978.1765951576,4156871.5834783847,2
224,127.0754456,37.5431739,329978.1765951576,4156871.5834783847,2
225,127.0754456,37.5431739,329978.1765951576,4156871.5834783847,2
226,127.0754456,37.5431739,329978.1765951576,4156871.5834783847,2
227,127.0754456,37.5431739,329978.1765951576,4156871.5834783847,2
228,127.0754456,37.5431739,329978.1765951576,4156871.5834783847,2
229,127.0754456,37.5431739,329978.1765951576,4156871.5834783847,2
230,127.0754456,37.5431739,329978.1765951576,4156871.5834783847,2
231,127.07544569999999,37.5431739,329978.185430368,4156871.5832974752,2
232,127.0754456,37.5431739,329978.1765951576,4156871.5834783847,2
233,127.0754456,37.5431739,329978.1765951576,4156871.5834783847,2
234,127.07544569999999,37.5431739,329978.185430368,4156871.5832974752,2
235,127.07544569999999,37.5431739,329978.185430368,4156871.5832974752,2
236,127.07544569999999,37.5431739,329978.185430368,4156871.5832974752,2
237,127.07544569999999,37.5431739,329978.185430368,4156871.5832974752,2
238,127.07544569999999,37.5431739,329978.185430368,4156871.5832974752,2
239,127.07544569999999,37.5431739,329978.185430368,4156871.5832974752,2
240,127.07544569999999,37.5431739,329978.185430368,4156871.5832974752,2
241,127.07544569999999,37.543174,329978.1856575693,4156871.594393445,2
242,127.07544569999999,37.5431739,329978.185430368,4156871.5832974752,2
243,127.0754456,37.5431739,329978.1765951576,4156871.5834783847,2
244,127.07544569999999,37.5431739,329978.185430368,4156871.5832974752,2
245,127.07544569999999,37.543174,329978.1856575693,4156871.594393445,2
246,127.0754456,37.5431739,329978.1765951576,4156871.5834783847,2
247,127.0754456,37.5431739,329978.1765951576,4156871.5834783847,2
248,127.0754456,37.5431739,329978.1765951576,4156871.5834783847,2
249,127.0754456,37.5431739,329978.1765951576,4156871.5834783847,2
250,127.0754456,37.5431739,329978.1765951576,4156871.5834783847,2
251,127.0754456,37.5431739,329978.1765951576,4156871.5834783847,2
252,127.0754456,37.5431739,329978.1765951576,4156871.5834783847,2
253,127.07544569999999,37.5431739,329978.185430368,4156871.5832974752,2
254,127.0754456,37.5431739,329978.1765951576,4156871.5834783847,2
255,127.0754456,37.5431739,329978.1765951576,4156871.5834783847,2
256,127.07544569999999,37.5431739,329978.185430368,4156871.5832974752,2
257,127.07544569999999,37.5431739,329978.185430368,4156871.5832974752,2
258,127.07544569999999,37.5431739,329978.185430368,4156871.5832974752,2
259,127.0754456,37.5431739,329978.1765951576,4156871.5834783847,2
260,127.0754456,37.5431739,329978.1765951576,4156871.5834783847,2
261,127.0754456,37.5431739,329978.1765951576,4156871.5834783847,2
262,127.0754456,37.5431739,329978.1765951576,4156871.5834783847,2
263,127.0754456,37.5431739,329978.1765951576,4156871.5834783847,2
264,127.0754456,37.5431739,329978.1765951576,4156871.5834783847,2
265,127.0754456,37.5431739,329978.1765951576,4156871.5834783847,2
266,127.0754456,37.5431739,329978.1765951576,4156871.5834783847,2
267,127.0754456,37.5431739,329978.1765951576,4156871.5834783847,2
268,127.07544569999999,37.5431739,329978.185430368,4156871.5832974752,2
269,127.0754456,37.5431739,329978.1765951576,4156871.5834783847,2
270,127.0754456,37.5431739,329978.1765951576,4156871.5834783847,2
271,127.0754456,37.5431738,329978.1763679563,4156871.572382412,2
272,127.07544569999999,37.5431739,329978.185430368,4156871.5832974752,2
273,127.07544569999999,37.5431739,329978.185430368,4156871.5832974752,2
274,127.07544569999999,37.5431739,329978.185430368,4156871.5832974752,2
275,127.0754456,37.5431739,329978.1765951576,4156871.5834783847,2
276,127.07544569999999,37.5431739,329978.185430368,4156871.5832974752,2
277,127.0754456,37.5431739,329978.1765951576,4156871.5834783847,2
278,127.0754456,37.5431739,329978.1765951576,4156871.5834783847,2
279,127.0754456,37.5431739,329978.1765951576,4156871.5834783847,2
280,127.0754456,37.5431739,329978.1765951576,4156871.5834783847,2
281,127.0754456,37.5431739,329978.1765951576,4156871.5834783847,2
282,127.0754456,37.5431739,329978.1765951576,4156871.5834783847,2
283,127.0754456,37.5431739,329978.1765951576,4156871.5834783847,2
284,127.0754456,37.5431739,329978.1765951576,4156871.5834783847,2
285,127.0754456,37.5431739,329978.1765951576,4156871.5834783847,2
286,127.0754456,37.5431739,329978.1765951576,4156871.5834783847,2
287,127.07544569999999,37.5431739,329978.185430368,4156871.5832974752,2
288,127.07544569999999,37.5431739,329978.185430368,4156871.5832974752,2
289,127.07544569999999,37.5431739,329978.185430368,4156871.5832974752,2
290,127.0754456,37.5431739,329978.1765951576,4156871.5834783847,2
291,127.0754456,37.5431739,329978.1765951576,4156871.5834783847,2
292,127.0754456,37.5431739,329978.1765951576,4156871.5834783847,2
293,127.0754456,37.5431739,329978.1765951576,4156871.5834783847,2
294,127.0754456,37.5431739,329978.1765951576,4156871.5834783847,2
295,127.07544569999999,37.5431739,329978.185430368,4156871.5832974752,2
296,127.07544569999999,37.5431739,329978.185430368,4156871.5832974752,2
297,127.07544569999999,37.5431739,329978.185430368,4156871.5832974752,2
298,127.07544569999999,37.5431739,329978.185430368,4156871.5832974752,2
299,127.07544569999999,37.5431739,329978.185430368,4156871.5832974752,2
300,127.0754456,37.5431739,329978.1765951576,4156871.5834783847,2
301,127.0754456,37.5431739,329978.1765951576,4156871.5834783847,2
302,127.0754456,37.5431739,329978.1765951576,4156871.5834783847,2
303,127.0754456,37.5431739,329978.1765951576,4156871.5834783847,2
304,127.07544569999999,37.5431739,329978.185430368,4156871.5832974752,2
305,127.0754456,37.5431739,329978.1765951576,4156871.5834783847,2
306,127.07544569999999,37.5431739,329978.185430368,4156871.5832974752,2
307,127.0754456,37.5431739,329978.1765951576,4156871.5834783847,2
308,127.07544569999999,37.5431739,329978.185430368,4156871.5832974752,2
309,127.07544569999999,37.5431739,329978.185430368,4156871.5832974752,2
310,127.07544569999999,37.5431739,329978.185430368,4156871.5832974752,2
311,127.07544569999999,37.5431739,329978.185430368,4156871.5832974752,2
312,127.07544569999999,37.5431739,329978.185430368,4156871.5832974752,2
313,127.07544569999999,37.5431739,329978.185430368,4156871.5832974752,2
314,127.07544569999999,37.5431739,329978.185430368,4156871.5832974752,2
315,127.07544569999999,37.5431739,329978.185430368,4156871.5832974752,2
316,127.07544569999999,37.5431739,329978.185430368,4156871.5832974752,2
317,127.07544569999999,37.5431739,329978.185430368,4156871.5832974752,2
318,127.07544569999999,37.5431739,329978.185430368,4156871.5832974752,2
319,127.07544569999999,37.5431739,329978.185430368,4156871.5832974752,2
320,127.07544569999999,37.5431739,329978.185430368,4156871.5832974752,2
321,127.07544569999999,37.5431739,329978.185430368,4156871.5832974752,2
322,127.07544569999999,37.5431739,329978.185430368,4156871.5832974752,2
323,127.07544569999999,37.5431739,329978.185430368,4156871.5832974752,2
324,127.07544569999999,37.5431739,329978.185430368,4156871.5832974752,2
325,127.07544569999999,37.5431739,329978.185430368,4156871.5832974752,2
326,127.07544569999999,37.5431739,329978.185430368,4156871.5832974752,2
327,127.07544569999999,37.5431739,329978.185430368,4156871.5832974752,2
328,127.07544569999999,37.5431739,329978.185430368,4156871.5832974752,2
329,127.07544569999999,37.5431739,329978.185430368,4156871.5832974752,2
330,127.07544569999999,37.5431739,329978.185430368,4156871.5832974752,2
331,127.07544569999999,37.5431739,329978.185430368,4156871.5832974752,2
332,127.07544569999999,37.5431739,329978.185430368,4156871.5832974752,2
333,127.07544569999999,37.5431739,329978.185430368,4156871.5832974752,2
334,127.0754456,37.5431739,329978.1765951576,4156871.5834783847,2
335,127.07544569999999,37.5431739,329978.185430368,4156871.5832974752,2
336,127.07544569999999,37.5431739,329978.185430368,4156871.5832974752,2
337,127.07544569999999,37.5431739,329978.185430368,4156871.5832974752,2
338,127.0754456,37.5431739,329978.1765951576,4156871.5834783847,2
339,127.0754456,37.5431739,329978.1765951576,4156871.5834783847,2
340,127.0754456,37.5431739,329978.1765951576,4156871.5834783847,2
341,127.0754456,37.5431739,329978.1765951576,4156871.5834783847,2
342,127.0754456,37.5431739,329978.1765951576,4156871.5834783847,2
343,127.0754456,37.5431739,329978.1765951576,4156871.5834783847,2
344,127.0754456,37.5431739,329978.1765951576,4156871.5834783847,2
345,127.0754456,37.5431739,329978.1765951576,4156871.5834783847,2
346,127.0754456,37.5431739,329978.1765951576,4156871.5834783847,2
347,127.0754456,37.5431739,329978.1765951576,4156871.5834783847,2
348,127.0754456,37.5431739,329978.1765951576,4156871.5834783847,2
349,127.0754456,37.5431739,329978.1765951576,4156871.5834783847,2
350,127.0754456,37.5431739,329978.1765951576,4156871.5834783847,2
351,127.0754456,37.5431739,329978.1765951576,4156871.5834783847,2
352,127.07544569999999,37.5431739,329978.185430368,4156871.5832974752,2
353,127.0754456,37.5431739,329978.1765951576,4156871.5834783847,2
354,127.0754456,37.5431739,329978.1765951576,4156871.5834783847,2
355,127.0754456,37.5431739,329978.1765951576,4156871.5834783847,2
356,127.0754456,37.5431739,329978.1765951576,4156871.5834783847,2
357,127.0754456,37.5431739,329978.1765951576,4156871.5834783847,2
358,127.0754456,37.5431739,329978.1765951576,4156871.5834783847,2
359,127.0754456,37.543174,329978.176822359,4156871.5945743555,2
360,127.07544569999999,37.543174,329978.1856575693,4156871.594393445,2
361,127.0754456,37.543174,329978.176822359,4156871.5945743555,2
362,127.07544569999999,37.543174,329978.1856575693,4156871.594393445,2
363,127.0754456,37.543174,329978.176822359,4156871.5945743555,2
364,127.0754456,37.5431739,329978.1765951576,4156871.5834783847,2
365,127.0754456,37.5431739,329978.1765951576,4156871.5834783847,2
366,127.0754456,37.5431739,329978.1765951576,4156871.5834783847,2
367,127.0754456,37.5431739,329978.1765951576,4156871.5834783847,2
368,127.0754456,37.5431739,329978.1765951576,4156871.5834783847,2
369,127.0754456,37.5431739,329978.1765951576,4156871.5834783847,2
370,127.0754456,37.5431739,329978.1765951576,4156871.5834783847,2
371,127.0754456,37.5431739,329978.1765951576,4156871.5834783847,2
372,127.0754456,37.5431739,329978.1765951576,4156871.5834783847,2
373,127.0754456,37.5431739,329978.1765951576,4156871.5834783847,2
374,127.0754456,37.5431739,329978.1765951576,4156871.5834783847,2
375,127.0754456,37.5431739,329978.1765951576,4156871.5834783847,2
376,127.0754456,37.5431739,329978.1765951576,4156871.5834783847,2
377,127.0754456,37.5431739,329978.1765951576,4156871.5834783847,2
378,127.0754456,37.5431739,329978.1765951576,4156871.5834783847,2
379,127.0754456,37.5431739,329978.1765951576,4156871.5834783847,2
380,127.0754456,37.5431739,329978.1765951576,4156871.5834783847,2
381,127.0754456,37.5431738,329978.1763679563,4156871.572382412,2
382,127.0754456,37.543173599999996,329978.1759135536,4156871.5501904693,2
383,127.0754455,37.5431734,329978.1666239405,4156871.5281794365,2
384,127.0754455,37.5431731,329978.16594233655,4156871.494891521,2
385,127.07544539999999,37.5431727,329978.1561983207,4156871.450688544,2
386,127.0754453,37.543172299999995,329978.1464543047,4156871.406485568,2
387,127.0754453,37.543171699999995,329978.1450910965,4156871.339909736,2
388,127.0754451,37.543171099999995,329978.1260574669,4156871.2736957264,2
389,127.0754449,37.5431704,329978.10679663345,4156871.196385745,2
390,127.0754448,37.5431695,329978.09591661,4156871.09670291,2
391,127.0754446,37.5431684,329978.07574697246,4156870.9750090404,2
392,127.0754444,37.5431671,329978.0551229317,4156870.8311232296,2
393,127.0754441,37.5431658,329978.025663679,4156870.687418327,2
394,127.07544379999999,37.5431643,329977.99575002026,4156870.521521484,2
395,127.07544349999999,37.5431625,329977.9651547582,4156870.322336723,2
396,127.0754432,37.5431607,329977.9345594951,4156870.123151965,2
397,127.07544279999999,37.5431587,329977.89467461314,4156869.901956171,2
398,127.0754424,37.543156499999995,329977.8543353287,4156869.6585684335,2
399,127.0754418,37.543154099999995,329977.7958712135,4156869.393350575,2
400,127.07544139999999,37.5431516,329977.7548503174,4156869.116674926,2
401,127.07544089999999,37.5431489,329977.70453980454,4156868.817988243,2
402,127.07544039999999,37.5431461,329977.65400208486,4156868.5082055884,2
403,127.07543989999999,37.5431431,329977.60300996085,4156868.1762309913,2
404,127.0754393,37.54314,329977.54295541754,4156867.8333413335,2
405,127.07543869999999,37.5431367,329977.48244646407,4156867.468259731,2
406,127.0754381,37.543133399999995,329977.42193750874,4156867.103178131,2
407,127.0754374,37.5431299,329977.3521389273,4156866.716085498,2
408,127.07543679999999,37.543126199999996,329977.29072115256,4156866.306620012,2
409,127.07543609999999,37.5431224,329977.22024095675,4156865.886239466,2
410,127.0754353,37.5431185,329977.140698334,4156865.454943859,2
411,127.0754346,37.5431144,329977.0695365197,4156865.001275399,2
412,127.0754338,37.5431102,329976.98931227694,4156864.5366918785,2
413,127.07543299999999,37.5431059,329976.9088608246,4156864.0610123873,2
414,127.0754322,37.5431015,329976.8281821648,4156863.5742369257,2
415,127.07543129999999,37.543096899999995,329976.7382138707,4156863.065450432,2
416,127.07543039999999,37.5430922,329976.64801836514,4156862.545567969,2
417,127.07542959999999,37.5430875,329976.5666580715,4156862.0255045947,2
418,127.0754285,37.5430825,329976.45811050007,4156861.472696041,2
419,127.07542749999999,37.543077499999995,329976.35839813424,4156860.9197065784,2
420,127.07542649999999,37.5430724,329976.2584585593,4156860.3556211437,2
421,127.0754255,37.543067199999996,329976.1582917683,4156859.7804397396,2
422,127.07542439999999,37.5430619,329976.04906253936,4156859.1943432763,2
423,127.0754233,37.543056299999996,329975.9391516882,4156858.5749589005,2
424,127.0754223,37.543050699999995,329975.838076049,4156857.9553936133,2
425,127.0754212,37.5430449,329975.72771076544,4156857.313817298,2
426,127.07542,37.543039,329975.60828303854,4156856.661325924,2
427,127.0754188,37.5430329,329975.4884008891,4156855.9866426084,2
428,127.0754176,37.5430268,329975.36851872434,4156855.3119592946,2
429,127.0754164,37.5430206,329975.24840934016,4156854.6261800104,2
430,127.0754152,37.543014299999996,329975.1280727363,4156853.9293047567,2
431,127.0754139,37.543008,329974.99890088657,4156853.2326104185,2
432,127.07541289999999,37.5430019,329974.89668912045,4156852.5575652868,2
433,127.07541169999999,37.5429957,329974.77657967457,4156851.8717860095,2
434,127.07541049999999,37.5429896,329974.6566974175,4156851.1971027055,2
435,127.07540929999999,37.5429835,329974.53681514505,4156850.5224194033,2
436,127.0754084,37.5429775,329974.4436657652,4156849.8582893354,2
437,127.0754073,37.5429715,329974.33284590347,4156849.194521095,2
438,127.0754063,37.542965699999996,329974.2313156728,4156848.5527638854,2
439,127.07540519999999,37.5429599,329974.1209501945,4156847.9111875915,2
440,127.0754042,37.542954099999996,329974.0194199392,4156847.2694303845,2
441,127.0754032,37.5429484,329973.9181168772,4156846.6387691502,2
442,127.0754022,37.5429428,329973.81704100856,4156846.019203889,2
443,127.0754013,37.542937099999996,329973.72457316366,4156845.388361744,2
444,127.0754005,37.542931599999996,329973.64139495604,4156844.7795306295,2
445,127.0753999,37.542926,329973.5756600137,4156844.1592417173,2
446,127.0753994,37.5429204,329973.5187603076,4156843.538771889,2
447,127.0753989,37.5429148,329973.46186059434,4156842.9183020634,2
448,127.0753984,37.5429093,329973.4051880838,4156842.3089282108,2
449,127.0753982,37.542903599999995,329973.3745668846,4156841.6768196723,2
450,127.0753981,37.542898,329973.3530081329,4156841.055626194,2
451,127.0753982,37.5428924,329973.34911986894,4156840.4340708866,2
452,127.0753984,37.5428868,329973.3540668524,4156839.812334666,2
453,127.0753989,37.542881099999995,329973.38529237,4156839.1789597324,2
454,127.0753996,37.542875599999995,329973.43464280025,4156838.5674149166,2
455,127.0754006,37.54287,329973.5102717751,4156837.9442313896,2
456,127.0754017,37.5428644,329973.59473601193,4156837.3208669494,2
457,127.0754032,37.5428588,329973.71454125585,4156836.6967788585,2
458,127.0754049,37.542853199999996,329973.85201702005,4156836.0723289433,2
459,127.07540689999999,37.542847699999996,329974.0162257574,4156835.4584322637,2
460,127.07541169999999,37.542836699999995,329974.4153253217,4156834.229191618,2
461,127.0754145,37.542831199999995,329974.65021615895,4156833.6138476543,2
462,127.07541769999999,37.542825799999996,329974.92067524104,4156833.0088760247,2
463,127.0754247,37.5428151,329975.5148322554,4156831.8089432972,2
464,127.0754286,37.5428099,329975.84759264917,4156831.2248972664,2
465,127.07543299999999,37.5428048,329976.2247565611,4156830.6510426677,2
466,127.07543749999999,37.542799699999996,329976.610755784,4156830.0770071805,2
467,127.07544229999999,37.5427946,329977.02326082805,4156829.5024289843,2
468,127.07544739999999,37.5427894,329977.4620444993,4156828.916212111,2
469,127.0754528,37.542784399999995,329977.9277884028,4156828.3516444806,2
470,127.0754585,37.5427795,329978.42026533996,4156827.797630127,2
471,127.0754644,37.5427745,329978.93018566194,4156827.232158017,2
472,127.0754707,37.542769799999995,329979.476128676,4156826.6992502273,2
473,127.0754772,37.542764999999996,329980.0395150847,4156826.1548846937,2
474,127.0754838,37.5427603,329980.6119640196,4156825.6214342653,2
475,127.0754908,37.5427556,329981.2197540696,4156825.0872602602,2
476,127.07549829999999,37.542750999999996,329981.8719476925,4156824.5632777507,2
477,127.0755059,37.5427465,329982.53320385236,4156824.050210365,2
478,127.0755138,37.542741899999996,329983.22073868633,4156823.5255043544,2
479,127.07552199999999,37.542737599999995,329983.93546096,4156823.0335436123,2
480,127.0755305,37.5427335,329984.6771434868,4156822.5632321723,2
481,127.0755394,37.5427294,329985.45416714484,4156822.0921971984,2
482,127.07554859999999,37.542725499999996,329986.25815105473,4156821.6428115447,2
483,127.075558,37.5427217,329987.08003276214,4156821.204160147,2
484,127.07556779999999,37.542718,329987.93748279463,4156820.7758812127,2
485,127.0755779,37.542714499999995,329988.82189307467,4156820.3692516205,2
486,127.07558809999999,37.5427111,329989.7153658824,4156819.973537202,2
487,127.07559859999999,37.5427077,329990.63534456934,4156819.5772801973,2
488,127.0756093,37.5427044,329991.5732210508,4156819.1917574806,2
489,127.07562,37.542701099999995,329992.51109761465,4156818.8062348748,2
490,127.0756309,37.5426978,329993.46664479387,4156818.420350594,2
491,127.0756416,37.542694499999996,329994.4045215257,4156818.0348282075,2
492,127.0756526,37.5426911,329995.368676965,4156817.6376672904,2
493,127.07566399999999,37.5426879,329996.368627908,4156817.261974876,2
494,127.0756754,37.542684799999996,329997.36880610976,4156816.897378555,2
495,127.0756869,37.542681699999996,329998.3778196621,4156816.532601471,2
496,127.07569819999999,37.5426785,329999.3689355891,4156816.157090313,2
497,127.07570969999999,37.5426753,330000.3777221405,4156815.7812175094,2
498,127.0757211,37.5426722,330001.3779006746,4156815.4166216846,2
499,127.0757323,37.542669,330002.3601815844,4156815.041291777,2
500,127.0757438,37.542665899999996,330003.36919555365,4156814.676515316,2
501,127.0757551,37.5426627,330004.36031190085,4156814.3010047716,2
502,127.0757665,37.5426597,330005.3607179267,4156813.947505408,2
503,127.07577789999999,37.5426565,330006.36066971114,4156813.57181423,2
504,127.075789,37.5426534,330007.3343429265,4156813.2077617743,2
505,127.0758003,37.5426504,330008.3259139223,4156812.8544436553,2
506,127.0758113,37.5426473,330009.29075202293,4156812.490572312,2
507,127.0758225,37.5426443,330010.2734879021,4156812.137435307,2
508,127.0758334,37.5426412,330011.2294908882,4156811.7737450665,2
509,127.0758443,37.5426382,330012.1857211067,4156811.4211509116,2
510,127.0758554,37.5426351,330013.1593947962,4156811.0570991565,2
511,127.0758663,37.5426321,330014.1156251668,4156810.7045052294,2
512,127.07587729999999,37.542629,330015.0804637403,4156810.3406345774,2
513,127.0758882,37.542626,330016.0366942671,4156809.9880408766,2
514,127.0758992,37.542623,330017.0017601428,4156809.6352664246,2
515,127.07591029999999,37.54262,330017.97566137044,4156809.2823112197,2
516,127.0759214,37.5426171,330018.9497898202,4156808.940452103,2
517,127.07593229999999,37.5426141,330019.90602064977,4156808.58785886,2
518,127.07594309999999,37.5426113,330020.85387055855,4156808.257638532,2
519,127.075954,37.5426085,330021.8105558141,4156807.927237455,2
520,127.07596489999999,37.542605699999996,330022.7672411406,4156807.596836488,2
521,127.0759758,37.542603,330023.72415367607,4156807.277531606,2
522,127.0759866,37.5426003,330024.67223100015,4156806.9584076945,2
523,127.0759973,37.5425976,330025.6114731141,4156806.6394647514,2
524,127.0760078,37.5425949,330026.5330447391,4156806.320883628,2
525,127.07601849999999,37.542592299999995,330027.4725141173,4156806.0130368704,2
526,127.07602899999999,37.5425897,330028.39431300055,4156805.70555193,2
527,127.07603929999999,37.5425872,330029.2986685197,4156805.4095247686,2
528,127.0760497,37.5425847,330030.2118593777,4156805.1133168573,2
529,127.07605989999999,37.5425823,330031.1076068627,4156804.828566719,2
530,127.0760701,37.5425798,330032.0031272778,4156804.532720711,2
531,127.07608019999999,37.5425775,330032.89026672073,4156804.259247591,2
532,127.0760904,37.5425752,330033.7862414977,4156803.9855937194,2
533,127.0761005,37.542572899999996,330034.6733810463,4156803.712120793,2
534,127.0761103,37.5425707,330035.5342419259,4156803.4502864718,2
535,127.0761203,37.542568599999996,330036.4130005382,4156803.1991865216,2
536,127.0761301,37.5425665,330037.2740886342,4156802.948448355,2
537,127.07613979999999,37.542564399999996,330038.12634149625,4156802.697891122,2
538,127.0761495,37.5425623,330038.9785944077,4156802.44733398,2
539,127.0761591,37.5425603,330039.8222391958,4156802.208053738,2
540,127.0761687,37.5425584,330040.66611114104,4156801.9798695515,2
541,127.07617809999999,37.542556499999996,330041.49231256125,4156801.7520471336,2
542,127.0761876,37.5425545,330042.32712219935,4156801.5129479915,2
543,127.0761969,37.5425526,330043.14448842267,4156801.285306581,2
544,127.0762063,37.5425508,330043.9709170759,4156801.0685803825,2
545,127.07621549999999,37.5425489,330044.7794480967,4156800.841119972,2
546,127.07623389999999,37.5425453,330046.3969644692,4156800.4083913323,2
547,127.0762429,37.542543599999995,330047.1882792467,4156800.2034847685,2
548,127.076252,37.542541899999996,330047.98842934554,4156799.99839745,2
549,127.0762608,37.5425402,330048.7620736275,4156799.793852706,2
550,127.0762697,37.5425385,330049.544553226,4156799.589127204,2
551,127.0762786,37.542536999999996,330050.32748705853,4156799.406593715,2
552,127.0762874,37.5425355,330051.1015856392,4156799.2242411315,2
553,127.0763049,37.5425328,330052.6416288933,4156798.8930049185,2
554,127.07631339999999,37.5425317,330053.3901300855,4156798.755578913,2
555,127.07632199999999,37.5425306,330054.147466584,4156798.617972147,2
556,127.07633059999999,37.5425295,330054.904803104,4156798.4803654533,2
557,127.07633899999999,37.5425286,330055.6449232593,4156798.3653124156,2
558,127.0763475,37.542527899999996,330056.39433290204,4156798.2722705603,2
559,127.07635579999999,37.542527199999995,330057.1260719822,4156798.179590418,2
560,127.0763642,37.5425268,330057.8673276336,4156798.1200174266,2
561,127.0763724,37.5425265,330058.59113980684,4156798.0719021144,2
562,127.0763806,37.5425263,330059.31517907244,4156798.0348828337,2
563,127.07638879999999,37.5425263,330060.03967251175,4156798.0200555543,2
564,127.07639689999999,37.5425265,330060.7557848379,4156798.0276010954,2
565,127.0764049,37.542526699999996,330061.4630618737,4156798.0353275165,2
566,127.0764129,37.5425271,330062.17079307215,4156798.0652459376,2
567,127.0764208,37.5425277,330062.8701431422,4156798.117537171,2
568,127.07643619999999,37.5425294,330064.2346375049,4156798.278322924,2
569,127.0764437,37.5425305,330064.89978179405,4156798.386817436,2
570,127.07645099999999,37.5425317,330065.54748257,4156798.506769598,2
571,127.0764583,37.542533,330066.19541040284,4156798.6378177786,2
572,127.0764653,37.542534499999995,330066.81728651386,4156798.791600385,2
573,127.0764722,37.5425361,330067.43055439176,4156798.9566598195,2
574,127.07647879999999,37.5425378,330068.0175434641,4156799.133357701,2
575,127.07648529999999,37.5425395,330068.5956972277,4156799.310236436,2
576,127.0764914,37.542541199999995,330069.13850982755,4156799.4878384504,2
577,127.07649719999999,37.542543099999996,330069.65527069924,4156799.688174867,2
578,127.0765028,37.542544899999996,330070.15413390496,4156799.8777769655,2
579,127.0765081,37.5425469,330070.62694538,4156800.0901134587,2
580,127.07651329999999,37.5425487,330071.0904674032,4156800.2804388464,2
581,127.07651829999999,37.5425508,330071.53700005496,4156800.504413784,2
582,127.076523,37.542552799999996,330071.9567997618,4156800.717835197,2
583,127.07652739999999,37.5425551,330072.35077480855,4156800.9650869593,2
584,127.07653169999999,37.5425572,330072.73546041216,4156801.1903276076,2
585,127.0765357,37.542559499999996,330073.09409428836,4156801.43830263,2
586,127.07653959999999,37.5425617,330073.44366579055,4156801.6753625046,2
587,127.0765435,37.5425639,330073.7932372724,4156801.912422393,2
588,127.0765471,37.542566199999996,330074.11652995984,4156802.16112068,2
589,127.0765507,37.5425685,330074.43982262776,4156802.4098189804,2
590,127.0765543,37.5425709,330074.7633423434,4156802.6696132603,2
591,127.0765577,37.5425733,330075.0691914789,4156802.929769161,2
592,127.076561,37.5425757,330075.3662053158,4156803.1901058755,2
593,127.0765643,37.5425782,330075.6634462,4156803.4615385705,2
594,127.07656709999999,37.5425803,330075.9156024048,4156803.689491415,2
595,127.07656999999999,37.5425827,330076.17727507075,4156803.950551372,2
596,127.076573,37.5425851,330076.44778300123,4156804.211430533,2
597,127.0765759,37.5425877,330076.70990976604,4156804.494682442,2
598,127.076579,37.5425903,330076.9897070668,4156804.7775727552,2
599,127.07658219999999,37.5425931,330077.2787937564,4156805.082474212,2
600,127.076585,37.5425957,330077.5320851868,4156805.3659069487,2
601,127.07658789999999,37.5425983,330077.7942118794,4156805.649158891,2
602,127.0765907,37.5426007,330078.0470491495,4156805.910399705,2
603,127.0765933,37.5426031,330078.28221585136,4156806.172002128,2
604,127.07659579999999,37.5426056,330078.50877432496,4156806.4448813256,2
605,127.0765984,37.542608,330078.74394099985,4156806.7064837604,2
606,127.0766008,37.542610499999995,330078.961664169,4156806.9795437707,2
607,127.0766034,37.5426132,330079.19751199766,4156807.274434123,2
608,127.07660609999999,37.5426159,330079.4421950848,4156807.5691436827,2
609,127.0766087,37.542618499999996,330079.67781581957,4156807.8529380807,2
610,127.0766115,37.5426212,330079.93133414985,4156808.1474668547,2
611,127.07661399999999,37.542623899999995,330080.1583466388,4156808.442538032,2
612,127.07661669999999,37.5426267,330080.4032567192,4156808.748343587,2
613,127.0766194,37.5426296,330080.64839384175,4156809.0652451175,2
614,127.0766221,37.542632499999996,330080.89353094844,4156809.3821466537,2
615,127.0766251,37.5426357,330081.1658550296,4156809.7317937105,2
616,127.07662789999999,37.5426389,330081.4205085443,4156810.0818023705,2
617,127.07663079999999,37.542642099999995,330081.6839973122,4156810.43163024,2
618,127.07663389999999,37.5426456,330081.96583777334,4156810.8143844297,2
619,127.07663699999999,37.5426491,330082.2476782116,4156811.197138628,2
620,127.07664009999999,37.5426528,330082.52997273963,4156811.602084772,2
621,127.0766433,37.542656799999996,330082.8217836824,4156812.040138036,2
622,127.07664659999999,37.5426607,330083.12220280606,4156812.466914545,2
623,127.07665019999999,37.5426648,330083.4495818218,4156812.915340613,2
624,127.07665349999999,37.542669,330083.7506820539,4156813.3754050494,2
625,127.07665709999999,37.542673199999996,330084.07828805794,4156813.8349271095,2
626,127.0766606,37.5426777,330084.3977399249,4156814.327917883,2
627,127.07666429999999,37.542682299999996,330084.7350893441,4156814.8316430473,2
628,127.076668,37.542687,330085.07266577834,4156815.3464641953,2
629,127.07667169999999,37.5426917,330085.4102421724,4156815.8612853535,2
630,127.0766754,37.5426966,330085.7482726356,4156816.3982984633,2
631,127.07668319999999,37.5427067,330086.46035564615,4156817.5048894547,2
632,127.0766871,37.542712,330086.81696471607,4156818.085924896,2
633,127.0766912,37.5427172,330087.1910172097,4156818.6555027952,2
634,127.076695,37.5427228,330087.53947207326,4156819.2700069617,2
635,127.0766989,37.5427284,330087.8967621515,4156819.884330351,2
636,127.076703,37.542733999999996,330088.2717226988,4156820.4982921705,2
637,127.076707,37.5427397,330088.63807498314,4156821.123530766,2
638,127.07671529999999,37.5427514,330089.39796632016,4156822.40675354,2
639,127.0767195,37.5427575,330089.78289715655,4156823.0760144778,2
640,127.07672339999999,37.5427637,330090.14154920843,4156823.7569137677,2
641,127.0767276,37.54277,330090.52693402424,4156824.448366675,2
642,127.0767314,37.542776499999995,330090.877431849,4156825.162734689,2
643,127.0767353,37.542783,330091.23676487233,4156825.8769219294,2
644,127.0767394,37.5427895,330091.6137683481,4156826.5907476074,2
645,127.0767432,37.5427961,330091.96449304675,4156827.316211632,2
646,127.07674689999999,37.542802699999996,330092.3063824356,4156828.0418564575,2
647,127.0767504,37.5428095,330092.63105535577,4156828.7900548065,2
648,127.0767542,37.5428163,330092.98223397473,4156829.537710808,2
649,127.07675789999999,37.5428232,330093.3248043291,4156830.296643578,2
650,127.0767614,37.542830099999996,330093.6497041269,4156831.055937932,2
651,127.0767645,37.5428369,330093.9390358323,4156831.8048594687,2
652,127.0767674,37.5428439,330094.2111510795,4156832.576334524,2
653,127.07677059999999,37.542851,330094.50999906677,4156833.3583632004,2
654,127.0767736,37.5428581,330094.791176511,4156834.1407534555,2
655,127.07677679999999,37.5428652,330095.0900243954,4156834.922782152,2
656,127.0767796,37.5428724,330095.35375829577,4156835.716629963,2
657,127.07678229999999,37.5428797,330095.6088839473,4156836.5217545326,2
658,127.0767848,37.5428871,330095.84656611155,4156837.3383366456,2
659,127.0767872,37.5428946,330096.0756400344,4156838.1661955174,2
660,127.0767894,37.542902,330096.28681639506,4156838.9833199913,2
661,127.07679119999999,37.542909699999996,330096.46333288116,4156839.8344555087,2
662,127.076793,37.5429174,330096.6398493397,4156840.6855910304,2
663,127.0767946,37.5429252,330096.79892233096,4156841.548184089,2
664,127.0767961,37.5429329,330096.9489330205,4156842.399861964,2
665,127.07679759999999,37.542940699999996,330097.0991707239,4156843.2626358108,2
666,127.0767987,37.542948599999995,330097.2142945021,4156844.137228759,2
667,127.0767996,37.5429564,330097.31152075424,4156845.0010873033,2
668,127.0768004,37.5429645,330097.40059287765,4156845.8984145396,2
669,127.0768011,37.5429726,330097.4808297591,4156846.7959225588,2
670,127.0768016,37.542980799999995,330097.5436232055,4156847.7048881124,2
671,127.0768021,37.542989,330097.6064166479,4156848.613853667,2
672,127.0768023,37.542997199999995,330097.6427043935,4156849.523361569,2
673,127.0768025,37.5430055,330097.6792191788,4156850.4439654415,2
674,127.0768025,37.5430138,330097.6980635087,4156851.3649308784,2
675,127.0768026,37.5430221,330097.72574306873,4156852.285715535,2
676,127.0768025,37.5430305,330097.7359792195,4156853.2179577253,2
677,127.0768023,37.5430389,330097.7373801514,4156854.1503807004,2
678,127.07680219999999,37.5430474,330097.7478433525,4156855.0937188626,2
679,127.0768021,37.5430558,330097.75807952357,4156856.0259610564,2
680,127.07680189999999,37.5430643,330097.75970751466,4156856.9694800028,2
681,127.0768018,37.543072699999996,330097.76994369575,4156857.9017221997,2
682,127.0768016,37.543081099999995,330097.7713446629,4156858.8341451804,2
683,127.0768014,37.5430894,330097.77251859714,4156859.755472193,2
684,127.07680119999999,37.5430977,330097.7736925387,4156860.6767992065,2
685,127.0768009,37.5431059,330097.7658042305,4156861.5872110343,2
686,127.0768006,37.5431141,330097.7579159293,4156862.497622863,2
687,127.07680049999999,37.5431222,330097.7674710281,4156863.396577159,2
688,127.0768004,37.5431302,330097.7767990912,4156864.284435488,2
689,127.0768002,37.5431381,330097.7770649056,4156865.1613786304,2
690,127.0768002,37.5431458,330097.79454706865,4156866.015768269,2
691,127.07679999999999,37.5431534,330097.7941317716,4156866.859423506,2
692,127.07679979999999,37.543161,330097.79371647886,4156867.7030787435,2
693,127.0767996,37.5431682,330097.79239303205,4156868.502350104,2
694,127.0767994,37.5431753,330097.7908425455,4156869.2905254974,2
695,127.0767992,37.5431824,330097.7892920672,4156870.0787008903,2
696,127.07679909999999,37.5431896,330097.796803843,4156870.8777914722,2
697,127.07679879999999,37.543196699999996,330097.78641816997,4156871.6661476493,2
698,127.0767987,37.543203399999996,330097.7927947484,4156872.4097583843,2
699,127.0767987,37.543209999999995,330097.8077794934,4156873.142092369,2
700,127.0767985,37.5432164,330097.8046397503,4156873.8525959803,2
701,127.0767984,37.543222899999996,330097.81056225684,4156874.5740147796,2
702,127.0767982,37.5432293,330097.807422521,4156875.2845183923,2
703,127.0767982,37.5432355,330097.8214991116,4156875.972468502,2
704,127.0767978,37.5432416,330097.80000786006,4156876.650045773,2
705,127.07679759999999,37.5432476,330097.79595997394,4156877.3161655115,2
706,127.0767977,37.5432535,330097.8181906481,4156877.970646931,2
707,127.07679759999999,37.5432594,330097.82275092567,4156878.625489916,2
708,127.07679759999999,37.543265399999996,330097.8363734463,4156879.291248089,2
709,127.0767975,37.5432711,330097.8404796455,4156879.9238991374,2
710,127.07679739999999,37.5432768,330097.8445858456,4156880.556550187,2
711,127.07679719999999,37.5432825,330097.83985685505,4156881.1893820185,2
712,127.0767971,37.5432877,330097.84282785305,4156881.7665532194,2
713,127.0767971,37.543293,330097.8548610904,4156882.354639609,2
714,127.076797,37.5432985,330097.8585132199,4156882.965098721,2
715,127.0767966,37.543303699999996,330097.83497864555,4156883.5428122724,2
716,127.0767966,37.543309099999995,330097.84723893285,4156884.1419946332,2
717,127.0767966,37.5433144,330097.8592721793,4156884.730081023,2
718,127.0767966,37.543319499999996,330097.8708513422,4156885.295975475,2
719,127.0767966,37.5433245,330097.88220346405,4156885.850773959,2
720,127.07679639999999,37.5433296,330097.87611224945,4156886.417029977,2
721,127.0767963,37.5433348,330097.87908327056,4156886.9942011833,2
722,127.0767963,37.54334,330097.89088948333,4156887.571191607,2
723,127.0767963,37.543351099999995,330097.9160912115,4156888.8028442436,2
724,127.07679599999999,37.5433569,330097.9027541214,4156889.446952836,2
725,127.0767959,37.543362699999996,330097.9070874121,4156890.0906998627,2
726,127.0767959,37.5433689,330097.9211640624,4156890.7786499853,2
727,127.07679569999999,37.5433751,330097.91757034516,4156891.4669616763,2
728,127.0767956,37.543381499999995,330097.9232659027,4156892.177284524,2
729,127.07679519999999,37.543388,330097.9026829568,4156892.8992456915,2
730,127.0767949,37.5433945,330097.8909352018,4156893.6210260764,2
731,127.07679449999999,37.5434011,330097.87057931256,4156894.354083215,2
732,127.0767939,37.5434078,330097.83278011554,4156895.0985978935,2
733,127.07679309999999,37.5434145,330097.7773105677,4156895.8434741385,2
734,127.0767922,37.5434213,330097.7132328989,4156896.599627139,2
735,127.0767913,37.5434282,330097.6493822929,4156897.3668761104,2
736,127.07678999999999,37.543435099999996,330097.55019098846,4156898.1348482193,2
737,127.0767886,37.543442,330097.4421645331,4156898.903001115,2
738,127.07678709999999,37.5434489,330097.3253029269,4156899.6713347984,2
739,127.0767851,37.5434558,330097.16426546883,4156900.4405724066,2
740,127.0767831,37.5434627,330097.0032280481,4156901.2098100185,2
741,127.07678059999999,37.5434694,330096.7975606993,4156901.9577596206,2
742,127.07677819999999,37.543476,330096.60050152213,4156902.694432475,2
743,127.07677539999999,37.5434826,330096.36810169596,4156903.431828476,2
744,127.07677229999999,37.543489,330096.10874230706,4156904.147574907,2
745,127.0767688,37.5434953,330095.81381523993,4156904.852948517,2
746,127.07676509999999,37.5435014,330095.50076378835,4156905.5364917764,2
747,127.07676119999999,37.543507399999996,330095.1698150082,4156906.2093006507,2
748,127.0767571,37.5435133,330094.82096889976,4156906.8713751463,2
749,127.0767527,37.543518899999995,330094.4449361984,4156907.50070411,2
750,127.07674779999999,37.5435243,330094.02427362197,4156908.1087450944,2
751,127.07674279999999,37.5435296,330093.5945488905,4156908.705870921,2
752,127.0767377,37.543534799999996,330093.1557620085,4156909.292081591,2
753,127.07673229999999,37.543539599999995,330092.6895614872,4156909.8344507744,2
754,127.0767266,37.5435442,330092.1964014317,4156910.3551704166,2
755,127.07672079999999,37.5435485,330091.6937251144,4156910.8427829696,2
756,127.0767149,37.5435525,330091.1815325328,4156911.297288438,2
757,127.07670879999999,37.5435565,330090.65166968043,4156911.7521555233,2
758,127.0767025,37.54356,330090.1030012859,4156912.1519043767,2
759,127.076696,37.5435635,330089.53666261607,4156912.5520148547,2
760,127.0766895,37.5435666,330088.9694157768,4156912.9077414935,2
761,127.07668299999999,37.5435695,330088.40171486855,4156913.2412762316,2
762,127.07667629999999,37.5435722,330087.8158895655,4156913.552980661,2
763,127.0766697,37.5435746,330087.23821829236,4156913.8312164242,2
764,127.07666289999999,37.5435768,330086.64242261276,4156914.0876218816,2
765,127.0766563,37.5435788,330086.0638431714,4156914.32147385,2
766,127.07664969999999,37.5435806,330085.48480963643,4156914.533133918,2
767,127.0766431,37.5435823,330084.9055490671,4156914.733698058,2
768,127.0766367,37.5435839,330084.34373178426,4156914.922804671,2
769,127.0766304,37.5435854,330083.7905226218,4156915.1006345544,2
770,127.0766242,37.5435868,330083.24592157494,4156915.267187705,2
771,127.07661809999999,37.5435881,330082.7099286453,4156915.4224641216,2
772,127.076612,37.543589499999996,330082.1741627997,4156915.5888365423,2
773,127.07660589999999,37.5435908,330081.6381699075,4156915.744113031,2
774,127.0766,37.5435921,330081.1198473525,4156915.8990279483,2
775,127.076594,37.5435933,330080.59246258816,4156916.043027732,2
776,127.07658789999999,37.543594399999996,330080.05601561273,4156916.176112382,2
777,127.0765819,37.5435957,330079.52885795024,4156916.3312082044,2
778,127.0765758,37.5435969,330078.992638077,4156916.4753888967,2
779,127.07656949999999,37.5435982,330078.43897497153,4156916.6310272017,2
780,127.076563,37.5435993,330077.867187427,4156916.764835215,2
781,127.07655609999999,37.5436005,330077.2602863349,4156916.9104624647,2
782,127.0765491,37.5436019,330076.64500424964,4156917.0784625066,2
783,127.0765421,37.5436033,330076.029722187,4156917.2464625956,2
784,127.0765351,37.543604599999995,330075.4142130723,4156917.403366759,2
785,127.0765278,37.5436058,330074.771971429,4156917.5497174268,2
786,127.0765205,37.543607099999996,330074.12995688233,4156917.707164114,2
787,127.0765129,37.5436086,330073.46189103724,4156917.8873452237,2
788,127.07650489999999,37.543610099999995,330072.7584845887,4156918.0682496326,2
789,127.0764971,37.543611399999996,330072.0722943259,4156918.2266005375,2
790,127.0764889,37.5436128,330071.35099053575,4156918.3967707213,2
791,127.07648069999999,37.543614399999996,330070.63014093455,4156918.589132908,2
792,127.0764722,37.543616,330069.8827858933,4156918.782037604,2
793,127.07646369999999,37.543617499999996,330069.13520379993,4156918.963846394,2
794,127.07645529999999,37.543619,330068.3964568923,4156919.14547444,2
795,127.07644649999999,37.5436207,330067.622823557,4156919.3500177586,2
796,127.0764377,37.5436224,330066.8491902584,4156919.554561151,2
797,127.0764286,37.5436243,330066.0495056993,4156919.781839012,2
798,127.0764196,37.543625999999996,330065.258202161,4156919.986744192,2
799,127.0764105,37.543627799999996,330064.45829058974,4156920.20292624,2
800,127.0764013,37.543629599999996,330063.6495439011,4156920.419289185,2
801,127.07639189999999,37.5436315,330062.82335403224,4156920.6471098266,2
802,127.0763825,37.5436335,330061.99739129766,4156920.8860265226,2
803,127.0763729,37.5436353,330061.153304109,4156921.103113007,2
804,127.07636319999999,37.5436373,330060.30083599634,4156921.3425723463,2
805,127.0763535,37.543639299999995,330059.44836792833,4156921.582031772,2
806,127.0763436,37.5436413,330058.5782295973,4156921.821852942,2
807,127.0763336,37.5436433,330057.6992561559,4156922.0618550316,2
808,127.0763236,37.5436453,330056.82028276066,4156922.3018572163,2
809,127.07631339999999,37.5436474,330055.9238662084,4156922.5533171236,2
810,127.0763032,37.5436495,330055.0274497034,4156922.8047771314,2
811,127.07629299999999,37.5436516,330054.1310332501,4156923.056237235,2
812,127.0762826,37.5436537,330053.21694653877,4156923.3080591043,2
813,127.0762724,37.543655799999996,330052.3205301826,4156923.5595194087,2
814,127.07626219999999,37.5436579,330051.42411387595,4156923.8109798133,2
815,127.076252,37.543659999999996,330050.5276976209,4156924.062440315,2
816,127.0762419,37.5436621,330049.640116567,4156924.31372008,2
817,127.0762317,37.543664199999995,330048.7437004085,4156924.5651807785,2
818,127.0762118,37.5436682,330046.99458977,4156925.0450063366,2
819,127.076202,37.5436702,330046.1332872468,4156925.284647997,2
820,127.0761924,37.543672199999996,330045.28965506994,4156925.523928067,2
821,127.07618289999999,37.5436741,330044.45463097095,4156925.7519314117,2
822,127.0761735,37.543676,330043.6284420637,4156925.979754,2
823,127.07616429999999,37.5436779,330042.8199234974,4156926.2072149864,2
824,127.0761553,37.5436797,330042.02884815075,4156926.423218393,2
825,127.0761465,37.5436815,330041.2554431426,4156926.638860187,2
826,127.0761378,37.5436833,330040.49087332044,4156926.854321208,2
827,127.07612929999999,37.543684999999996,330039.7437467071,4156927.058324637,2
828,127.0761211,37.5436866,330039.0228984519,4156927.2506896215,2
829,127.07611299999999,37.5436883,330038.3111125007,4156927.453969794,2
830,127.0761053,37.5436899,330037.6344400518,4156927.6454306603,2
831,127.07609769999999,37.5436914,330036.9663756527,4156927.825614764,2
832,127.0760904,37.543692799999995,330036.3245895967,4156927.994160399,2
833,127.0760832,37.5436942,330035.6916387123,4156928.1625252333,2
834,127.0760763,37.5436957,330035.0854204244,4156928.341443536,2
835,127.0760696,37.543697099999996,330034.49664532556,4156928.5089042066,2
836,127.07606299999999,37.5436984,330033.9164782649,4156928.6650880952,2
837,127.0760567,37.5436997,330033.3628166687,4156928.8207294657,2
838,127.0760505,37.543701,330032.81799023855,4156928.9761900203,2
839,127.0760444,37.5437022,330032.281771841,4156929.120373785,2
840,127.07603839999999,37.5437035,330031.7546157391,4156929.2754727034,2
841,127.0760325,37.5437048,330031.2362948067,4156929.4303907976,2
842,127.07602689999999,37.5437058,330030.7437979237,4156929.5514784423,2
843,127.0760213,37.5437069,330030.25152818975,4156929.6836620877,2
844,127.07601559999999,37.543707999999995,330029.75042332336,4156929.816026621,2
845,127.07600989999999,37.543709199999995,330029.2495456089,4156929.959487157,2
846,127.0760042,37.543710399999995,330028.74866791244,4156930.102947722,2
847,127.0759982,37.5437116,330028.22128479125,4156930.246950897,2
848,127.07599289999999,37.5437125,330027.75506629015,4156930.3564001746,2
849,127.0759878,37.5437136,330027.3069723743,4156930.487679702,2
850,127.07598259999999,37.5437146,330026.8498161827,4156930.608044143,2
851,127.0759772,37.5437157,330026.37521685526,4156930.7398663023,2
852,127.07597179999999,37.5437167,330025.9003903973,4156930.860592517,2
853,127.07596609999999,37.543717799999996,330025.39928565815,4156930.9929573177,2
854,127.07596029999999,37.5437189,330024.88934578805,4156931.125503013,2
855,127.07595459999999,37.5437198,330024.3877867921,4156931.2356759314,2
856,127.0759487,37.5437209,330023.8690118048,4156931.368402552,2
857,127.0759427,37.5437218,330023.34094739665,4156931.479118126,2
858,127.0759365,37.5437227,330022.795212711,4156931.5901954635,2
859,127.0759303,37.5437235,330022.24925088894,4156931.6901768656,2
860,127.075924,37.5437242,330021.6942267879,4156931.779243199,2
861,127.0759176,37.5437248,330021.1301404038,4156931.857394463,2
862,127.0759112,37.5437254,330020.566054026,4156931.935545767,2
863,127.0759046,37.5437258,330019.98384307,4156931.9918669006,2
864,127.075898,37.5437261,330019.4014049666,4156932.037092104,2
865,127.07589139999999,37.5437261,330018.8182854128,4156932.0490294327,2
866,127.0758846,37.543726,330018.2172684193,4156932.0502325688,2
867,127.07587769999999,37.5437259,330017.6074162766,4156932.0516166184,2
868,127.07587079999999,37.543725699999996,330016.99733697774,4156932.041904742,2
869,127.07586359999999,37.5437252,330016.36007077666,4156931.9994476093,2
870,127.07585639999999,37.5437246,330015.7225774107,4156931.945894552,2
871,127.0758491,37.543724,330015.076248889,4156931.892522417,2
872,127.07584179999999,37.543723,330014.42901172454,4156931.794766446,2
873,127.07583439999999,37.543721999999995,330013.77293939935,4156931.697191397,2
874,127.0758269,37.543720799999996,330013.1075775925,4156931.5776053304,2
875,127.0758195,37.5437194,330012.4505965892,4156931.435646498,2
876,127.07581189999999,37.5437179,330011.7757181064,4156931.282953497,2
877,127.07580429999999,37.5437161,330011.10015811294,4156931.096972633,2
878,127.0757967,37.543714099999995,330010.4241437613,4156930.8887998797,2
879,127.075789,37.5437121,330009.73929422465,4156930.68080806,2
880,127.07578129999999,37.543709799999995,330009.0537631576,4156930.4395283787,2
881,127.07577359999999,37.5437073,330008.3677777197,4156930.176056808,2
882,127.0757658,37.5437046,330007.67250275624,4156929.8905742303,2
883,127.0757582,37.5437017,330006.9944437011,4156929.5825380026,2
884,127.0757505,37.5436985,330006.30686794384,4156929.241394793,2
885,127.07574269999999,37.543695199999995,330005.61022980843,4156928.8893365497,2
886,127.07573509999999,37.5436917,330004.93080757,4156928.5147246527,2
887,127.0757275,37.543687899999995,330004.2507037588,4156928.1068248926,2
888,127.07571979999999,37.543684,330003.56153755565,4156927.688010099,2
889,127.0757122,37.5436798,330002.8805249167,4156927.235726559,2
890,127.07570469999999,37.5436754,330002.2078930043,4156926.7610702408,2
891,127.0756972,37.5436708,330001.53480666806,4156926.264222031,2
892,127.07568979999999,37.543666,330000.8701010525,4156925.7450010427,2
893,127.07568239999999,37.5436611,330000.20516817755,4156925.2146841306,2
894,127.0756751,37.543656,329999.548616017,4156924.661994437,2
895,127.07566809999999,37.5436506,329998.9178876979,4156924.0754742078,2
896,127.0756613,37.5436451,329998.3046024209,4156923.47749627,2
897,127.0756545,37.5436395,329997.6910898774,4156922.868422402,2
898,127.0756478,37.5436336,329997.0857308634,4156922.2258797702,2
899,127.0756413,37.5436276,329996.49781488744,4156921.571879423,2
900,127.0756351,37.5436214,329995.9359499321,4156920.8951444915,2
901,127.07562899999999,37.543614999999996,329995.3824656814,4156920.196036757,2
902,127.0756229,37.5436087,329994.82920852274,4156919.50802503,2
903,127.0756169,37.5436021,329994.2841048845,4156918.786544528,2
904,127.075611,37.543595499999995,329993.7478363147,4156918.064883161,2
905,127.0756052,37.543588799999995,329993.2201756312,4156917.33194496,2
906,127.07559959999999,37.543582,329992.7099579965,4156916.5875490266,2
907,127.0755939,37.5435752,329992.19090511097,4156915.843334018,2
908,127.0755884,37.543568199999996,329991.6890680922,4156915.0765653,2
909,127.0755829,37.5435612,329991.1872309823,4156914.309796611,2
910,127.07557759999999,37.5435541,329990.7028369265,4156913.5315701826,2
911,127.07557229999999,37.543547,329990.21844278614,4156912.7533437773,2
912,127.0755671,37.5435398,329989.74265653733,4156911.9638405293,2
913,127.07556199999999,37.5435324,329989.27525098895,4156911.151964461,2
914,127.0755571,37.5435251,329988.8257428837,4156910.35082259,2
915,127.07555219999999,37.5435178,329988.37623469636,4156909.5496807406,2
916,127.0755475,37.5435103,329987.9439423859,4156908.725985168,2
917,127.0755428,37.543503,329987.51210437773,4156907.92448156,2
918,127.07553829999999,37.5434955,329987.09748225147,4156907.1004242245,2
919,127.0755339,37.543487999999996,329986.69169522345,4156906.2761860057,2
920,127.07552969999999,37.5434804,329986.303351273,4156905.4404900284,2
921,127.07552559999999,37.543472799999996,329985.9238424249,4156904.604613163,2
922,127.0755215,37.5434651,329985.5441063142,4156903.7576403436,2
923,127.07551749999999,37.5434574,329985.1732053064,4156902.910486635,2
924,127.0755136,37.543449599999995,329984.81091221387,4156902.0520560644,2
925,127.07550979999999,37.5434419,329984.4576814262,4156901.204540577,2
926,127.07550619999999,37.543434,329984.12166654033,4156900.334471349,2
927,127.0755028,37.5434262,329983.8035491473,4156899.4751362964,2
928,127.0754996,37.5434184,329983.5031020597,4156898.6154394434,2
929,127.0754965,37.5434106,329983.2114900963,4156897.755561696,2
930,127.0754935,37.5434027,329982.9284860651,4156896.8844070784,2
931,127.07549069999999,37.543394899999996,329982.66337954893,4156896.0239866287,2
932,127.0754881,37.5433872,329982.416170552,4156895.1743003484,2
933,127.07548569999999,37.5433794,329982.1864046829,4156894.313156288,2
934,127.07548349999999,37.5433717,329981.97453634907,4156893.462746394,2
935,127.07548159999999,37.543364,329981.7891735396,4156892.6117937816,2
936,127.07547969999999,37.5433565,329981.6042650951,4156891.783033119,2
937,127.0754779,37.543349,329981.42819181166,4156890.9540915517,2
938,127.07547629999999,37.5433416,329981.27001607895,4156890.1358841457,2
939,127.0754748,37.5433342,329981.1206755125,4156889.317495835,2
940,127.0754733,37.5433269,329980.9715621192,4156888.5102035,2
941,127.0754719,37.5433197,329980.83151109715,4156887.71382623,2
942,127.0754707,37.5433126,329980.709357641,4156886.928183121,2
943,127.07546939999999,37.5433056,329980.5785961717,4156886.1538168904,2
944,127.0754681,37.5432986,329980.44783468347,4156885.3794506644,2
945,127.0754669,37.5432918,329980.32636277145,4156884.6270954753,2
946,127.0754657,37.5432851,329980.2051180421,4156883.8858362585,2
947,127.0754644,37.5432785,329980.0752652977,4156883.1558539257,2
948,127.0754633,37.543272099999996,329979.96353733237,4156882.447701722,2
949,127.0754621,37.5432657,329979.8429741529,4156881.739730427,2
950,127.0754611,37.5432596,329979.7407629579,4156881.0646852325,2
951,127.0754599,37.5432537,329979.62133574847,4156880.4121938017,2
952,127.07545879999999,37.543247799999996,329979.5107437258,4156879.759521461,2
953,127.0754578,37.543242299999996,329979.40989569284,4156879.1510521006,2
954,127.0754568,37.5432369,329979.30927484884,4156878.553678715,2
955,127.0754556,37.5432317,329979.19143798726,4156877.978859091,2
956,127.0754546,37.5432267,329979.09172592405,4156877.4258695943,2
957,127.07545359999999,37.5432219,329978.992468247,4156876.895072042,2
958,127.0754528,37.543217399999996,329978.911562577,4156876.397200587,2
959,127.0754518,37.543213099999996,329978.8134408873,4156875.921882897,2
960,127.075451,37.5432091,329978.7336712058,4156875.4794913027,2
961,127.07545019999999,37.5432053,329978.65435591724,4156875.0592916524,2
962,127.07544929999999,37.5432017,329978.5666598171,4156874.661464857,2
963,127.0754485,37.5431983,329978.48825331987,4156874.2856490957,2
964,127.07544779999999,37.5431952,329978.41936363035,4156873.942940341,2
965,127.0754472,37.5431923,329978.35976354475,4156873.62224262,2
966,127.0754467,37.5431896,329978.3094530688,4156873.3235559333,2
967,127.0754461,37.5431871,329978.2507617817,4156873.0472420985,2
968,127.0754455,37.5431849,329978.19275209773,4156872.804216182,2
969,127.07544499999999,37.543182699999996,329978.143577618,4156872.561009353,2
970,127.0754446,37.5431807,329978.1036927508,4156872.3398135602,2
971,127.07544419999999,37.5431788,329978.06403508334,4156872.1297137374,2
972,127.07544379999999,37.543177199999995,329978.02505901677,4156871.95290183,2
973,127.0754434,37.5431757,329977.9863101527,4156871.7871858967,2
974,127.0754431,37.5431743,329977.9566236993,4156871.632385022,2
975,127.07544279999999,37.5431731,329977.9273916461,4156871.4997760933,2
976,127.07544259999999,37.5431721,329977.9074492083,4156871.3891781964,2
977,127.0754424,37.543171199999996,329977.8877339717,4156871.289676271,2
978,127.0754422,37.5431704,329977.8682459366,4156871.2012703186,2
979,127.07544209999999,37.543169899999995,329977.8582747171,4156871.1459713704,2
980,127.0754419,37.5431694,329977.8394682866,4156871.0908533325,2
981,127.0754419,37.543169,329977.8385594797,4156871.0464694463,2
982,127.0754418,37.5431688,329977.8292698652,4156871.0244584116,2
983,127.0754418,37.5431686,329977.8288154617,4156871.002266469,2
984,127.0754418,37.5431686,329977.8288154617,4156871.002266469,2
985,127.0754418,37.5431686,329977.8288154617,4156871.002266469,2
986,127.0754418,37.5431686,329977.8288154617,4156871.002266469,2
987,127.0754418,37.5431686,329977.8288154617,4156871.002266469,2
988,127.0754418,37.5431686,329977.8288154617,4156871.002266469,2
989,127.0754418,37.5431686,329977.8288154617,4156871.002266469,2
990,127.0754418,37.5431686,329977.8288154617,4156871.002266469,2
991,127.0754418,37.5431686,329977.8288154617,4156871.002266469,2
992,127.0754418,37.5431686,329977.8288154617,4156871.002266469,2
993,127.0754417,37.5431686,329977.8199802507,4156871.0024473798,2
994,127.0754418,37.5431686,329977.8288154617,4156871.002266469,2
995,127.0754417,37.5431686,329977.8199802507,4156871.0024473798,2
996,127.0754417,37.5431686,329977.8199802507,4156871.0024473798,2
997,127.0754417,37.5431686,329977.8199802507,4156871.0024473798,2
998,127.0754418,37.5431686,329977.8288154617,4156871.002266469,2
999,127.0754418,37.5431686,329977.8288154617,4156871.002266469,2
1000,127.0754418,37.5431686,329977.8288154617,4156871.002266469,2
1001,127.0754418,37.5431686,329977.8288154617,4156871.002266469,2
1002,127.0754418,37.5431686,329977.8288154617,4156871.002266469,2
1003,127.0754418,37.5431686,329977.8288154617,4156871.002266469,2
1004,127.0754417,37.5431686,329977.8199802507,4156871.0024473798,2
1005,127.0754418,37.5431686,329977.8288154617,4156871.002266469,2
1006,127.0754417,37.5431686,329977.8199802507,4156871.0024473798,2
1007,127.0754417,37.5431686,329977.8199802507,4156871.0024473798,2
1008,127.0754417,37.5431686,329977.8199802507,4156871.0024473798,2
1009,127.0754417,37.5431686,329977.8199802507,4156871.0024473798,2
1010,127.0754417,37.5431686,329977.8199802507,4156871.0024473798,2
1011,127.0754417,37.5431686,329977.8199802507,4156871.0024473798,2
1012,127.0754417,37.5431686,329977.8199802507,4156871.0024473798,2
1013,127.0754417,37.5431686,329977.8199802507,4156871.0024473798,2
1014,127.0754417,37.5431686,329977.8199802507,4156871.0024473798,2
1015,127.0754417,37.5431686,329977.8199802507,4156871.0024473798,2
1016,127.0754417,37.5431686,329977.8199802507,4156871.0024473798,2
1017,127.0754417,37.5431686,329977.8199802507,4156871.0024473798,2
1018,127.0754417,37.5431686,329977.8199802507,4156871.0024473798,2
1019,127.0754417,37.5431686,329977.8199802507,4156871.0024473798,2
1020,127.0754417,37.5431686,329977.8199802507,4156871.0024473798,2
